{"fx": 599.9859008789062, "fy": 600.21435546875, "ppx": 326.11614990234375, "ppy": 241.95314025878906, "height": 480, "width": 640, "distortion": [0.14089511334896088, -0.43557029962539673, -0.0008621851447969675, -0.0005422477843239903, 0.4039972126483917], "depth_scale": 0.0002500000118743628}